{
    "speed": 120.0,
    "lower": 310.0,
    "upper": 960.0,
    "c0": 58.6018875125489,
    "c1": 0.9779316708265591
}